App ID;Name;Short Description;Developer;Publisher;Genre;Tags;Type;Categories;Owners;Positive Reviews;Negative Reviews;Price;Initial Price;Discount;CCU;Languages;Platforms;Release Date;Required Age;Website;Header Image
10;Counter-Strike;Play the world's number 1 online action game. Engage in an incredibly realistic brand of terrorist warfare in this wildly popular team-based game. Ally with teammates to complete strategic missions. Take out enemy sites. Rescue hostages. Your role affects your team's success. Your team's success affects your role.;Valve;Valve;Action;"Action: 5426, FPS: 4831, Multiplayer: 3392, Shooter: 3353, Classic: 2784, Team-Based: 1864, First-Person: 1707, Competitive: 1607, Tactical: 1344, e-sports: 1192, ""1990s"": 1191, PvP: 881, Old School: 769, Military: 632, Strategy: 614, Survival: 304, Score Attack: 289, 1980s: 266, Assassin: 227, Nostalgia: 131";game;Multi-player, Valve Anti-Cheat enabled, Online PvP, Shared/Split Screen PvP, PvP;10,000,000 .. 20,000,000;201215;5199;999;999;0;13990;English, French, German, Italian, Spanish - Spain, Simplified Chinese, Traditional Chinese, Korean;windows, mac, linux;2000/11/1;0;;https://cdn.akamai.steamstatic.com/steam/apps/10/header.jpg?t=1666823513
1000000;ASCENXION;ASCENXION is a 2D shoot 'em up game where you explore the field to progress. Players must overcome puzzles, traps, elite units, boss fights, and other various obstacles while navigating the field. Grow stronger through rewards earned, to uncover the truth of this world.;IndigoBlue Game Studio;PsychoFlux Entertainment;Action, Adventure, Indie;"""Shoot Em Up"": 186, Metroidvania: 181, Bullet Hell: 179, Side Scroller: 175, Twin Stick Shooter: 170, Difficult: 161, 2D: 159, Shooter: 159, Controller: 148, Action: 138, Minimalist: 136, Colorful: 124, Abstract: 111, Robots: 100, Atmospheric: 88, Adventure: 73, Singleplayer: 71, Indie: 69, GameMaker: 51, Great Soundtrack: 38";game;Single-player, Partial Controller Support, Steam Achievements, Steam Cloud;0 .. 20,000;27;5;999;999;0;0;English, Korean, Simplified Chinese;windows;2021/05/14;0;;https://cdn.akamai.steamstatic.com/steam/apps/1000000/header.jpg?t=1655723048
1000010;Crown Trick;Enter a labyrinth that moves as you move, where mastering the elements is key to defeating enemies and uncovering the mysteries of this underground world. With a new experience awaiting every time you enter the dungeon, let the power bestowed by the crown guide you in this challenging adventure!;NEXT Studios;Team17, NEXT Studios;Adventure, Indie, RPG, Strategy;Rogue-like: 268, Turn-Based Combat: 254, RPG: 237, Perma Death: 231, Rogue-lite: 226, Adventure: 225, Dungeon Crawler: 225, Strategy: 225, Turn-Based: 222, Female Protagonist: 217, Turn-Based Strategy: 216, Singleplayer: 211, 2D: 205, Replay Value: 192, Difficult: 189, Tactical: 184, Action-Adventure: 179, Fantasy: 179, Top-Down: 178, Magic: 171;game;Single-player, Partial Controller Support, Steam Achievements, Steam Cloud, Steam Trading Cards;200,000 .. 500,000;4032;646;599;1999;70;99;Simplified Chinese, English, Japanese, Traditional Chinese, French, German, Spanish - Spain, Russian, Portuguese - Brazil;windows;2020/10/16;0;;https://cdn.akamai.steamstatic.com/steam/apps/1000010/header.jpg?t=1655724189
1000030;Cook, Serve, Delicious! 3?!;Cook, serve and manage your food truck as you dish out hundreds of different foods across war-torn America in this massive sequel to the million-selling series!;Vertigo Gaming Inc.;Vertigo Gaming Inc.;Action, Indie, Simulation, Strategy;Typing: 221, Management: 213, Casual: 209, Difficult: 208, Arcade: 200, Strategy: 190, 2D: 187, Funny: 184, Simulation: 182, Comedy: 176, Action: 175, Co-op: 175, Family Friendly: 175, Local Co-Op: 163, Local Multiplayer: 158, Multiplayer: 157, Singleplayer: 134, Co-op Campaign: 123, Fast-Paced: 120, Cooking: 119;game;Multi-player, Single-player, Co-op, Steam Achievements, Steam Cloud, Shared/Split Screen, Full controller support, Steam Trading Cards, Shared/Split Screen Co-op, Remote Play on Phone, Remote Play on Tablet, Remote Play on TV, Remote Play Together;100,000 .. 200,000;1575;115;1999;1999;0;76;English;windows, mac;2020/10/14;0;http://www.cookservedelicious.com;https://cdn.akamai.steamstatic.com/steam/apps/1000030/header.jpg?t=1660866300
1000040;细胞战争;这是一款打击感十足的细胞主题游戏！操作简单但活下去却不简单，“你”作为侵入人体的细菌病毒，通过与细胞之间的战斗来获得基因变异点数和进入下一关的资格，每种细菌病毒都有独特的能力和攻击效果，你是否可以破坏五大器官并占领人体呢！？;DoubleC Games;DoubleC Games;Action, Casual, Indie, Simulation;Action: 22, Casual: 22, Indie: 21, Simulation: 20;game;Single-player;0 .. 20,000;0;1;199;199;0;0;Simplified Chinese;windows;2019/03/30;0;;https://cdn.akamai.steamstatic.com/steam/apps/1000040/header.jpg?t=1627033870
1000080;Zengeon;Zengeon is an anime infused Action RPG and Roguelite with a selection of unique characters and varying play-styles. Slaughter your way through demonic hordes and colossal bosses with hundreds of combination and skill possibilities!;IndieLeague Studio;2P Games;Action, Adventure, Indie, RPG;Action: 138, Indie: 128, RPG: 121, Adventure: 115, Action Roguelike: 111, Anime: 84, Action RPG: 77, Rogue-lite: 67, Multiplayer: 62, Hack and Slash: 57, Rogue-like: 53, Linear: 51, Singleplayer: 46, Early Access: 38, Online Co-Op: 38, Female Protagonist: 36, Co-op: 34, Sexual Content: 33, Casual: 31, JRPG: 30;game;Multi-player, Single-player, Steam Achievements, Full controller support, Steam Trading Cards;100,000 .. 200,000;1018;462;799;1999;60;3;Simplified Chinese, English, Traditional Chinese, Japanese, Korean;windows, mac;2019/06/24;0;;https://cdn.akamai.steamstatic.com/steam/apps/1000080/header.jpg?t=1667062553
1000100;干支セトラ　陽ノ卷｜干支etc.　陽之卷;耐用年数を超えて綻びゆく都市風水を修復するため、次代の風水師候補に選ばれた主人公。 綻びから襲い来る妖異を討ち祓い、半年後の認定試験に挑むため与えられたのは、十二支――陰陽五行の化身である１２人の男達だった。 それは、400年に渡る首都繁栄の終焉。;七月九日;Starship Studio;Adventure, Indie, RPG, Strategy;Adventure: 20, Indie: 20, RPG: 20, Strategy: 20, Anime: 11, Dating Sim: 10;game;Single-player, Steam Achievements, Steam Cloud;0 .. 20,000;18;6;1299;1299;0;0;Japanese, Simplified Chinese, Traditional Chinese;windows;2019/01/24;0;http://0709.noor.jp/etc;https://cdn.akamai.steamstatic.com/steam/apps/1000100/header.jpg?t=1561522270
1000110;Jumping Master(跳跳大咖);Jumping Master is a innovative casual competitive game fully merged with classic gameplay of mushroom game. It aims to help us revisit the classic mushroom game in our chlidhood.;重庆环游者网络科技;重庆环游者网络科技;Action, Adventure, Casual, Free to Play, Massively Multiplayer;Free to Play: 26, Massively Multiplayer: 25, Action: 24, Casual: 24, Adventure: 23;game;Multi-player, Single-player, Co-op, Online PvP, Online Co-op, PvP;20,000 .. 50,000;50;34;0;0;0;0;English, Simplified Chinese, Traditional Chinese;windows;2019/04/8;0;http://www.huanyz.com/bzjj/;https://cdn.akamai.steamstatic.com/steam/apps/1000110/header.jpg?t=1562917106
1000130;Cube Defender;Build turrets and destroy wave after wave of cube enemies in this minimalist and addictive tower defence game. Battle it out with a bunch of cube enemies and blast them off the map with a range of unique turrets.;Simon Codrington;Simon Codrington;Casual, Indie;Casual: 31, Indie: 31, Tower Defense: 16, Sandbox: 11, Action: 10, Colorful: 10, Strategy: 10;game;Single-player, Steam Achievements, Steam Leaderboards;0 .. 20,000;6;0;299;299;0;0;English;windows, mac;2019/01/6;0;;https://cdn.akamai.steamstatic.com/steam/apps/1000130/header.jpg?t=1646024900
1000280;Tower of Origin2-Worm's Nest;As the protagonist，the Balrog Princess— HongYe, after helping humans assess the rebellion. She thought she couldhave a stable life, but unexpectedly fell into a bigger crisis. What kind of ♂hardships ♂ will she experience this time, and how ♂interesting experiences♂ she will encounter.;Villain Role;Villain Role;Indie, RPG;Sexual Content: 155, Mature: 150, Female Protagonist: 146, LGBTQ+: 141, JRPG: 137, CRPG: 129, MOBA: 129, Word Game: 122, Turn-Based Strategy: 112, RPG: 107, 2D: 101, Underground: 95, Story Rich: 92, Turn-Based Combat: 91, Multiple Endings: 89, Anime: 86, Drama: 84, Cartoon: 81, Singleplayer: 77, Indie: 70;game;Single-player;0 .. 20,000;32;12;1399;1399;0;0;English, Simplified Chinese, Traditional Chinese;windows;2021/09/9;0;https://weibo.com/u/7623414897;https://cdn.akamai.steamstatic.com/steam/apps/1000280/header.jpg?t=1649211613
1000310;人气动漫大乱斗;这是一款动漫呆萌与战斗激情完美交融的卡牌手游。;海南众铖互娱网络科技有限公司;海南众铖互娱网络科技有限公司;Action, RPG, Strategy;RPG: 32, Action: 31, Strategy: 29, Anime: 11, Competitive: 11;game;Multi-player, Single-player, In-App Purchases, Online PvP, PvP;0 .. 20,000;1;5;99;99;0;0;Simplified Chinese;windows;2019/12/17;0;;https://cdn.akamai.steamstatic.com/steam/apps/1000310/header.jpg?t=1576652070
1000360;Hellish Quart;A physics-based, realistic, 3D sword dueling game set in the 17th century. Currently, it features a survival mode, duels vs. AI, wooden weapons sparring, and a local multiplayer mode. Optional VR mode. Early Access.;Kubold;Kubold;Action, Early Access;Early Access: 222, 3D Fighter: 201, Swordplay: 195, Martial Arts: 191, Arcade: 188, Combat: 184, VR: 179, PvP: 178, PvE: 176, Medieval: 171, Physics: 165, Realistic: 159, Third Person: 156, Character Customization: 154, Sports: 145, First-Person: 143, Historical: 130, Action: 116, Fighting: 106, Singleplayer: 100;game;Multi-player, Single-player, Shared/Split Screen, Full controller support, Shared/Split Screen PvP, Remote Play on Phone, Remote Play on Tablet, Remote Play Together, PvP;200,000 .. 500,000;4031;315;1699;1699;0;59;English, Simplified Chinese;windows;2021/02/16;0;https://www.hellishquart.com;https://cdn.akamai.steamstatic.com/steam/apps/1000360/header.jpg?t=1666020160
1000370;SurReal Subway;It's a Horror game with a subway background. in VR;LFiO Studio;LFiO Studio;Indie;Indie: 22, VR: 14, Horror: 13;game;Single-player;0 .. 20,000;0;1;0;0;0;0;English;windows;2019/01/3;0;;https://cdn.akamai.steamstatic.com/steam/apps/1000370/header.jpg?t=1548594300
1000380;Rogue Reaper;Rogue Reaper is an action-adventure game, taking place at the end of the Dark Ages during the rise of the plague. Trying to relieve her father from his work of managing the massive influx of souls, the daughter of the Grim Reaper sets out on an adventure to find and destroy the cause of the plague.;Fireroot Studios;Fireroot Studios;Action, Adventure, Free to Play, Indie;Free to Play: 57, Action: 52, Indie: 50, Adventure: 47, Parkour: 33, Third Person: 31, Dark Fantasy: 30, Fantasy: 29, Alternate History: 28, Female Protagonist: 26, 3D Platformer: 21;game;Single-player, Steam Achievements;100,000 .. 200,000;309;87;0;0;0;0;English;windows;2019/02/1;0;https://roguereapergame.com/;https://cdn.akamai.steamstatic.com/steam/apps/1000380/header.jpg?t=1572303202
1000410;WRATH: Aeon of Ruin;3D Realms, creators of Duke Nukem 3D, Prey, and Max Payne, presents a hard-core first person shooter, powered by the legendary Quake-1 Tech. Crafted by the hands of Quake-scene necromancers, WRATH is the real deal. You will not survive...;KillPixel;3D Realms, Fulqrum Publishing;Action, Early Access;"Action: 98, FPS: 61, Retro: 60, Gore: 39, Violent: 38, Old School: 28, Early Access: 25, First-Person: 18, Horror: 16, Arena Shooter: 15, Shooter: 15, Singleplayer: 9, ""1990s"": 8, Atmospheric: 7";game;Single-player;20,000 .. 50,000;1212;328;2499;2499;0;6;English;windows;2019/11/22;0;http://www.wrath.game;https://cdn.akamai.steamstatic.com/steam/apps/1000410/header.jpg?t=1666350815
1000470;Drawngeon: Dungeons of Ink and Paper;Inkland - the hand-drawn unusual world. Reveal the secret of the Mysterious Tower in this old-school role-playing game with a first-person perspective, real-time combat and grid-based movement.;DarkDes Labs;DarkDes Labs;Adventure, Indie, RPG;RPG: 165, Adventure: 158, Indie: 155, Grid-Based Movement: 154, First-Person: 150, Hand-drawn: 142, Procedural Generation: 140, Exploration: 133, Atmospheric: 131, Underground: 124, Dungeon Crawler: 117, Singleplayer: 105, Mystery Dungeon: 100, Fantasy: 96, Rogue-lite: 91, Stylized: 87, Retro: 81, Loot: 77, Inventory Management: 74, Perma Death: 66;game;Single-player, Steam Achievements, Steam Cloud, Full controller support;20,000 .. 50,000;55;13;499;499;0;0;English, Russian, French, German, Spanish - Spain;windows;2019/05/24;0;;https://cdn.akamai.steamstatic.com/steam/apps/1000470/header.jpg?t=1630256139
1000480;Battle Motion;Single-player action game with massive fantasy battles, that using non-target directional combat system. Fight non-stop battles with many units, game modes, different classes, weapons!;Meadow Games;Meadow Games;Action, Indie, RPG, Simulation, Early Access;Early Access: 36, Action: 32, Simulation: 32, Indie: 30, RPG: 28, Medieval: 14, Swordplay: 12, Competitive: 11, Difficult: 11, Fantasy: 11, Hack and Slash: 11, Management: 11, Physics: 11, Funny: 10, Games Workshop: 10, Moddable: 10, Realistic: 10, Replay Value: 10, Third Person: 10, Mod: 9;game;Single-player;0 .. 20,000;9;6;999;999;0;0;English;windows, mac, linux;2019/02/4;0;;https://cdn.akamai.steamstatic.com/steam/apps/1000480/header.jpg?t=1550958977
1000500;The Undisputables : Online Multiplayer Shooter;The Undisputables : Online Multiplayer is a PvP online multiplayer TPS shooter game with fantastic comic cartoon 3D graphics and captivating gameplay.;Amonga99;Amonga99;Action, Casual, Indie, Massively Multiplayer;Multiplayer: 312, Shooter: 306, Third-Person Shooter: 304, Action: 298, Third Person: 293, PvP: 284, Controller: 278, Competitive: 275, Tactical: 270, Hero Shooter: 264, Co-op: 256, Team-Based: 248, Online Co-Op: 239, FPS: 232, Battle Royale: 231, First-Person: 221, Military: 219, War: 209, Cartoon: 207, Funny: 202;game;Multi-player, Single-player, Co-op, Steam Achievements, Steam Leaderboards, Cross-Platform Multiplayer, Full controller support, Online PvP, Online Co-op, PvP;100,000 .. 200,000;9;3;699;699;0;0;English, French, Italian, German, Spanish - Spain, Arabic, Bulgarian, Czech, Danish, Dutch, Finnish, Greek, Hungarian, Japanese, Korean, Norwegian, Polish, Portuguese - Portugal, Portuguese - Brazil, Romanian, Russian, Simplified Chinese, Spanish - Latin America, Swedish, Thai, Traditional Chinese, Turkish, Ukrainian, Vietnamese;windows, mac, linux;2021/12/5;0;https://amonga99.com;https://cdn.akamai.steamstatic.com/steam/apps/1000500/header.jpg?t=1667404497
1000510;The Marvellous Machine;The Marvellous Machine is a fifteen minute narrated journey in VR that lets you explore the inner workings of your mind and experience new perspectives.;1337 Game Design;1337 Game Design;Education;Education: 21, VR: 13, Experience: 11, Narration: 11;game;;20,000 .. 50,000;104;21;0;0;0;0;English;windows;2019/02/11;0;https://www.1337gamedesign.com/tmm.html;https://cdn.akamai.steamstatic.com/steam/apps/1000510/header.jpg?t=1585924880
1000540;Tactical Control;Tactical Control: the 7-minute wargame. Simplified strategy with minimalist graphics and quick, intense games. Play short matches against random opponents. Fight tense battles of stealth, anticipation and surprise. Win with strategy, deception and cleverness, not with reflexes and clicking speed.;Hellride Games;Hellride Games;Casual, Free to Play, Indie, Strategy;Casual: 26, Free to Play: 24, Indie: 21, Strategy: 21, Multiplayer: 5;game;Multi-player, Stats, Steam Achievements, Online PvP, PvP;20,000 .. 50,000;53;12;0;0;0;0;English;windows;2019/03/21;0;;https://cdn.akamai.steamstatic.com/steam/apps/1000540/header.jpg?t=1553210986
1000550;Love Hentai: Endgame;Part of the journey is the end;CSM;W.T.B.;Casual, Indie;;game;Single-player, Steam Achievements;0 .. 20,000;0;0;99;99;0;0;English, German, Vietnamese, Traditional Chinese, Simplified Chinese, Korean, Russian, Ukrainian, Japanese;windows;2019/02/20;0;;https://cdn.akamai.steamstatic.com/steam/apps/1000550/header.jpg?t=1561710163
1000600;The ScreaMaze;What score can you reach in this simple horror maze? Can you beat your best score and discover the scariest end?;White Puppet Studio;White Puppet Studio;Indie;Indie: 31, Horror: 10, Puzzle: 10, Singleplayer: 10;game;Single-player;0 .. 20,000;6;1;0;0;0;0;English;windows;2019/01/10;0;;https://cdn.akamai.steamstatic.com/steam/apps/1000600/header.jpg?t=1604081181
1000640;Clam Man;An absurd, strange, and hilarious underwater adventure featuring office work, the duck of truth, nasty drinks, and the horrifying reality of mayonnaise crime.;Team Clam;Team Clam;Adventure, Indie;Adventure: 35, Indie: 33, Point & Click: 17, Funny: 16, Comedy: 14;game;Single-player, Steam Achievements;0 .. 20,000;107;8;999;999;0;0;English;windows, mac, linux;2019/05/23;0;;https://cdn.akamai.steamstatic.com/steam/apps/1000640/header.jpg?t=1666986649
1000650;Fist Of Heaven & Hell;Will you choose The Fist Of Heaven or The Fist Of Hell? Dive into the story of Yuuto, the newest contestant to become the next heir of the most deadly martial art in the world, The Fist Of Heaven!;Victor Martinelli;Victor Martinelli;Action, Adventure, Indie;Action: 31, Indie: 31, Adventure: 30, Violent: 21;game;Single-player;0 .. 20,000;7;0;299;299;0;0;English, Spanish - Spain;windows, mac, linux;2019/06/28;0;;https://cdn.akamai.steamstatic.com/steam/apps/1000650/header.jpg?t=1561929855
1000750;Rotund Rebound;Sentence has been passed on the dark carrot, so hop down the rabbit hole and hold on tight. An epic retro platforming adventure unfolds as you brave nightmare worlds and encounter a colorful cast of quirky characters on the road to rescuing your friends and conquering the shadows!;Dahku;Dahku;Action, Adventure, Indie;Precision Platformer: 128, Platformer: 122, Difficult: 119, 2D Platformer: 116, Retro: 113, Pixel Graphics: 108, Adventure: 103, 2D: 98, Colorful: 93, Puzzle-Platformer: 90, Action: 88, Time Attack: 82, Side Scroller: 76, Singleplayer: 71, Surreal: 69, Fast-Paced: 67, Funny: 63, Cute: 59, Indie: 48, Great Soundtrack: 27;game;Single-player, Steam Achievements, Steam Cloud, Full controller support;0 .. 20,000;5;0;1999;1999;0;0;English, French, Italian, German, Spanish - Spain, Portuguese - Brazil, Russian, Japanese;windows, mac, linux;2022/04/1;0;https://rotundrebound.com;https://cdn.akamai.steamstatic.com/steam/apps/1000750/header.jpg?t=1648829248
1000770;Urban Tale;Urban Tale is a realistic, vibrant and unique RPG that will allow you to fulfil your dreams, and pursue your most wanted goals in life. You start from scratch, having nothing in the city where you can meet a lot of people, that can help you throughout your adventure. Your goal is to succeed in life.;WASD Games;WASD Games;Adventure, Casual, Indie, RPG, Simulation;"Simulation: 153, Casual: 148, RPG: 147, Pixel Graphics: 143, Indie: 142, 2D: 138, Atmospheric: 130, Adventure: 128, Relaxing: 126, Retro: 123, Life Sim: 120, Singleplayer: 118, Sandbox: 106, Choose Your Own Adventure: 103, Exploration: 103, Colorful: 100, Cute: 98, Stylized: 96, ""1990s"": 93, Management: 92";game;Single-player, Stats, Partial Controller Support, Steam Achievements, Steam Trading Cards;0 .. 20,000;55;39;1199;1199;0;1;English;windows, mac;2021/10/7;0;https://www.urban-tale.com;https://cdn.akamai.steamstatic.com/steam/apps/1000770/header.jpg?t=1667381669
1000790;Flex Apocalypse Racing;These are races in which you need to complete tracks as quickly as possible.;"Nikita ""Ghost_RUS""";Ghost_RUS Games;Indie, Racing, Simulation, Sports;Indie: 21, Racing: 21, Simulation: 21, Sports: 21;game;Single-player, Steam Achievements;0 .. 20,000;6;4;99;99;0;0;English;windows;2019/01/1;0;;https://cdn.akamai.steamstatic.com/steam/apps/1000790/header.jpg?t=1546339360
1000810;RogueCraft Squadron;"RogueCraft Squadron is a fast paced real-time strategy space adventure with roguelike elements. Play as a squadron commander fighting against a hostile alien race; collecting resources, researching new ships and building an armada as you fight to survive against overwhelming odds.";Missing Sentinel Software;Missing Sentinel Software;Indie, Strategy;Strategy: 41, Indie: 40, RTS: 22, 2D: 21, Sci-fi: 21, Space: 21;game;Multi-player, Single-player, Co-op, Online PvP, Online Co-op, PvP;0 .. 20,000;5;1;1499;1499;0;0;English;windows, mac, linux;2019/02/18;0;http://roguecraftsquadron.com/;https://cdn.akamai.steamstatic.com/steam/apps/1000810/header.jpg?t=1557772230
1000830;Gachi Finder 3000;Gachi Finder 3000 is a game about deep dark fantasies, of finding characters from Gachimuchi. The amazing journey in which you find your favorite Gachimuchi characters will leave you in a state of euphoria. How deep can you make it?;Toka, AllianceInFaith;AllianceInFaith;Casual, Indie, Strategy;Casual: 93, Sexual Content: 87, Indie: 83, Strategy: 78, Memes: 73, Psychological Horror: 67, LGBTQ+: 63, God Game: 62, Comedy: 58, Simulation: 55, FPS: 52, Dungeon Crawler: 51, Surreal: 49, Survival Horror: 47, Family Friendly: 44, Wrestling: 38, Singleplayer: 37, Open World Survival Craft: 32, Great Soundtrack: 30, Epic: 29;game;Single-player, Stats;0 .. 20,000;162;4;99;99;0;0;English;windows;2019/01/8;0;;https://cdn.akamai.steamstatic.com/steam/apps/1000830/header.jpg?t=1566899466
1000860;Allspace;100 pilots battle with lasers, plasma, and missiles in Allspace.;ShilohGames;ShilohGames;Action, Massively Multiplayer, Simulation;Action: 35, Simulation: 35, Massively Multiplayer: 34, Space: 18, Shooter: 14, FPS: 13, First-Person: 13, VR: 13, Sci-fi: 12, Indie: 11, Multiplayer: 11, Space Sim: 11;game;Multi-player, Full controller support, Online PvP, PvP;0 .. 20,000;40;19;499;499;0;0;English;windows, mac, linux;2019/10/18;0;;https://cdn.akamai.steamstatic.com/steam/apps/1000860/header.jpg?t=1578070639
1000870;On Target VR Darts;On Target VR Darts is a physics-based darts simulation for Oculus headsets. Play Cricket, X01 and Around the world vs AI, Freethrow and Speed Darts. Gain achievements, customize your darts, and challenge players from around the world on our Leaderboards!;Colugo Productions Inc.;Colugo Productions Inc.;Casual, Simulation, Sports;Simulation: 72, Sports: 66, Casual: 63, VR: 40, e-sports: 33, Immersive Sim: 30, Realistic: 29, Modern: 27, Relaxing: 25, 6DOF: 23, Physics: 21, Singleplayer: 19;game;Single-player, Commentary available, Stats, Steam Achievements, Steam Leaderboards;0 .. 20,000;5;5;799;799;0;0;English, French, German, Spanish - Spain, Russian, Simplified Chinese, Ukrainian, Dutch, Japanese, Korean, Polish, Spanish - Latin America;windows;2020/12/22;0;https://ontargetvr.com/;https://cdn.akamai.steamstatic.com/steam/apps/1000870/header.jpg?t=1638502888
1000880;REPTOMOM;As REPTOMOM, the fate of dinosauria rests on your cybernetically-enhanced shoulders. Rout the nefarious humans who have taken a quantum-leap to your universe and brainwashed its denizens in a bid to take over. Slash, kick, lase, and blaze your way through 8 areas of classic platforming challenge!;ProblemGamer Productions;ProblemGamer Productions;Action, Casual, Indie;Action: 31, Casual: 31, Indie: 31, Early Access: 11, Platformer: 11, Retro: 10;game;Single-player, Partial Controller Support;0 .. 20,000;0;1;399;399;0;0;English;windows;2020/09/10;0;http://www.facebook.com/Reptomom;https://cdn.akamai.steamstatic.com/steam/apps/1000880/header.jpg?t=1599767623
1000900;Zero spring episode 3;First you can choose to display the previous synopsis.The final investigation will start to solve the mystery of spring water. A free FPS game and a free soundtrack are included as DLC.;Sonic-Alpha;NS;Adventure, Indie, RPG;Adventure: 32, Indie: 31, RPG: 30, Action: 10, First-Person: 10, JRPG: 10, Singleplayer: 10, Story Rich: 10, Shooter: 9, Soundtrack: 9, Anime: 8, FPS: 8;game;Single-player, Steam Achievements;0 .. 20,000;1;0;198;198;0;0;English, Japanese;windows, mac;2019/01/10;0;https://emerose.biz/;https://cdn.akamai.steamstatic.com/steam/apps/1000900/header.jpg?t=1617939986
1000980;Kill Tiger;As the excellent killer,you finally eliminate the last hidden danger of Your Majesty. What you face is not the supreme glory,but the cold shackles. What conspiracy is there behind all this! ? Passing through layers of dense fogs, and getting across the gears layer upon layer, You will search the cruel truth!;Koopa Yao;Koopa Yao;Action, Adventure, Indie;Action: 22, Indie: 21, Adventure: 20;game;Single-player, Full controller support;0 .. 20,000;1;0;699;699;0;0;English, Simplified Chinese;windows;2019/03/1;0;;https://cdn.akamai.steamstatic.com/steam/apps/1000980/header.jpg?t=1551427368
1000990;Gun Beat;Beat enemies to the beat. Avoid bullets to survive. ‘Gun Beat’ is a VR game that combines rhythm and shooting. Beat the enemy with a rhythm! Oh, don't forget to avoid bullets, too!;Gun Beat;Gun Beat;Action, Casual, Indie;Action: 21, Casual: 21, Indie: 21, VR: 7;game;Single-player;0 .. 20,000;8;3;699;699;0;0;English;windows;2019/01/14;0;;https://cdn.akamai.steamstatic.com/steam/apps/1000990/header.jpg?t=1547604234
1001010;雪·疑 Sknow;前来度假的一行人，在暴风雪的天气中接连遭遇不测，死亡，离间…… 她，能在层层恐惧中，找出凶手吗？;泥亾;泥亾;Indie, RPG;Indie: 31, RPG: 31, Mystery: 11, RPGMaker: 5;game;Single-player;0 .. 20,000;9;3;199;199;0;0;English, Not supported, Simplified Chinese;windows;2019/05/19;0;http://www.lofter.com/lpost/206025dc_12e9f0f0a;https://cdn.akamai.steamstatic.com/steam/apps/1001010/header.jpg?t=1559056314
1001040;Glorious Companions;Glorious Companions is a turn-based tactical RPG set in the fantasy world of Navaroth. Craft your own journey as a leader of a mercenary company! Become a powerful lord, solve the mystery of the Ancient Guardians, or just ride around the continent building your fortune on trade.;Ancient Forge;Ancient Forge;RPG, Strategy, Early Access;RPG: 41, Strategy: 32, Turn-Based Tactics: 31, Early Access: 22, Violent: 21, Replay Value: 20, Turn-Based: 15, Fantasy: 14, Turn-Based Combat: 14, Sandbox: 13, Open World: 12, Tactical: 12, Dark Fantasy: 11, Indie: 11, Procedural Generation: 11, Singleplayer: 11, Strategy RPG: 10;game;Multi-player, Single-player, Online PvP, Shared/Split Screen PvP, PvP;0 .. 20,000;66;39;1999;1999;0;0;English, Polish, Portuguese - Brazil;windows;2019/06/4;0;https://gloriouscompanions.com;https://cdn.akamai.steamstatic.com/steam/apps/1001040/header.jpg?t=1666698961
1001070;Koi;KOI is an award-winning exploration adventure game that details the story of a small koi on a grand adventure;Dotoyou Games;Dotoyou Games;Adventure, Casual, Indie;Casual: 24, Indie: 23, Adventure: 21;game;Single-player, Steam Achievements, Steam Cloud, Full controller support, Remote Play on TV;0 .. 20,000;111;20;99;99;0;0;English, Japanese, Simplified Chinese, Traditional Chinese, Korean;windows;2019/02/22;0;;https://cdn.akamai.steamstatic.com/steam/apps/1001070/header.jpg?t=1568883681
1001100;Kooring VR Wonderland:Mecadino's Attack;Kooring VR Wonderland : Medicano's Attack contains 6 mini games, with special experiences in VR. In the mysterious Wonderland, you can devour exhilarating magical experience!;VRANI inc.;VRANI inc.;Action, Adventure, Casual, Indie;"Family Friendly: 268, VR: 263, Casual: 259, Character Action Game: 258, Party Game: 254, ""Shoot Em Up"": 252, Choose Your Own Adventure: 241, Cute: 239, Rhythm: 237, Adventure: 233, Action-Adventure: 231, Arcade: 225, 3D: 215, Music: 207, Narration: 205, Choices Matter: 198, Action: 184, Fantasy: 77, 6DOF: 75, Singleplayer: 71";game;Single-player;0 .. 20,000;12;0;1599;1599;0;0;English, Simplified Chinese, Korean;windows;2020/10/9;0;http://vrani.co.kr;https://cdn.akamai.steamstatic.com/steam/apps/1001100/header.jpg?t=1631330291
1001140;Angry Birds VR: Isle of Pigs;"Join Red, Chuck, Bomb &amp; the Blues to save the stolen eggs in Angry Birds VR: Isle of Pigs, an immersive VR adventure! Discover the island where the greedy pigs vacation, slingshot your way to defeat Dr. Frankenswine &amp; create/share/discover an infinite number of levels with the online level builder.";Resolution Games;Resolution Games;Casual;Family Friendly: 291, Casual: 288, VR: 287, Puzzle: 280, Physics: 272, Level Editor: 265, Cult Classic: 259, Singleplayer: 256, Great Soundtrack: 251, Tactical: 248, Sandbox: 244, 6DOF: 239, Cute: 236, Relaxing: 227, Beautiful: 225, Cartoon: 223, Immersive: 220, Difficult: 216, Cartoony: 210, Memes: 196, VR Only: 1;game;Single-player, Steam Achievements;20,000 .. 50,000;264;27;1499;1499;0;5;English, French, German, Japanese, Korean, Spanish - Latin America;windows;2019/02/7;0;https://www.resolutiongames.com/angry-birds-vr-isle-of-pigs;https://cdn.akamai.steamstatic.com/steam/apps/1001140/header.jpg?t=1667227732
1001170;Master Of Secrets: Dark Europe;You are a novice of the Magistrate, the most powerful organization in Miltenstein. Start the uneven path from the beginner to the experienced cryptographer, become the decryption grand master and expose a coup against the King. Each your action and decision will have consequences.;Tap by Tap;Tap by Tap;Indie;Indie: 55, Atmospheric: 45, Puzzle: 45, Singleplayer: 45, 2D: 35, Adventure: 35, Alternate History: 35, Choices Matter: 35, Choose Your Own Adventure: 35, Diplomacy: 35, Family Friendly: 35, Mystery: 35, Politics: 35, Story Rich: 35, Historical: 34, Political: 34;game;Single-player, Steam Achievements;0 .. 20,000;1;11;0;0;0;0;English, Russian;windows, mac;2019/06/25;0;http://steam.action-portal.com;https://cdn.akamai.steamstatic.com/steam/apps/1001170/header.jpg?t=1643378104
1001200;ROWROW;“RowRow” is a unique sliding puzzle game with more than 100 level of hand crafted stages and diverse puzzle logics. This simple but challenging puzzle will tap into your creative mind.;Wayway Studio;Wayway Studio;Casual, Indie, Strategy;Casual: 22, Indie: 20, Strategy: 19, Puzzle: 16, Minimalist: 14;game;Single-player, Steam Achievements;0 .. 20,000;13;2;99;99;0;0;English;windows, mac;2019/01/31;0;https://www.waywaystudio.com/;https://cdn.akamai.steamstatic.com/steam/apps/1001200/header.jpg?t=1561449703
1001230;Partial Control;Overcome the limitations of having a hacked brain and still survive. Most of the time you have no control, but at key moments you can take decisions that are vital: think them through very carefully. The rest of the time, watch your body act and hope you make it out alive...;Cavern Head;Cavern Head;Indie, Simulation, Strategy;Simulation: 31, Strategy: 31, Indie: 30, Sci-fi: 14, Turn-Based Tactics: 14, Artificial Intelligence: 13, Procedural Generation: 13, Dark: 12, Puzzle: 12;game;Single-player, Includes level editor, Steam Achievements;0 .. 20,000;30;3;1299;1299;0;0;English;windows;2019/06/14;0;;https://cdn.akamai.steamstatic.com/steam/apps/1001230/header.jpg?t=1614158200
1001240;VR Flight Simulator New York - Cessna;VR Flight Simulator New York - Cessna is the ultimate Virtual Reality experience for you!Feel like flying a real Cessna 172 in New York city.REAL audios, AMAZING environment, REALISTIC physics for best simulation.;Thetis Games;Thetis Games;Simulation;Simulation: 32, VR: 17, Flight: 11, VR Only: 1;game;Single-player;0 .. 20,000;10;13;1999;1999;0;0;English;windows;2019/01/5;0;;https://cdn.akamai.steamstatic.com/steam/apps/1001240/header.jpg?t=1563444017
1001380;SNAILS;Battle hordes of mutant slugs in this PS1-themed retro 3-D brawler, reminiscent of late-90s era console games.;Tadpole Interactive;Tadpole Interactive;Action, Indie;Action: 22, Indie: 20;game;Single-player;0 .. 20,000;5;3;0;0;0;0;English;windows;2019/01/3;0;http://www.tadpoleinteractive.com/snails.html;https://cdn.akamai.steamstatic.com/steam/apps/1001380/header.jpg?t=1547860874
1001390;VireFit;LOAD THE WORLD OF GREAT SPORT. Box, tennis and basketball try it in virtual reality. Get ready for the real training, practice strikes and throws, develop agility and accuracy, set records and compete with friends.;Daemon Cat;Daemon Cat;Simulation, Sports;Sports: 32, Simulation: 31, VR: 12, Basketball: 11, Boxing: 10;game;Single-player;0 .. 20,000;2;6;1099;1099;0;0;English, Russian;windows;2019/03/25;0;;https://cdn.akamai.steamstatic.com/steam/apps/1001390/header.jpg?t=1572340750
1001430;Next Stop 3;Margaret needs your help once again! You must repair the railway over 50 levels, build a sorting center and win in a billion-dollar escapade!;Ladia Group;Ladia Group;Casual, Simulation, Strategy;Casual: 22, Simulation: 20, Strategy: 20;game;Single-player;0 .. 20,000;17;0;699;699;0;0;English, French, German, Russian, Japanese;windows, mac;2019/03/9;0;;https://cdn.akamai.steamstatic.com/steam/apps/1001430/header.jpg?t=1666985102
1001450;The Town;Leo was attacked by mysterious men at night, and when he opened his eyes again, he found himself in a strange town. Leo explored the town alone, and at last he found the great secret of hiding in a small town ...;WINXP Studio;WINXP Studio;Adventure, Indie;Adventure: 22, Indie: 22, RPGMaker: 13, Abstract: 11;game;Single-player;0 .. 20,000;1;1;199;199;0;0;Simplified Chinese;windows;2019/01/22;0;;https://cdn.akamai.steamstatic.com/steam/apps/1001450/header.jpg?t=1548151240
1001490;Tower Behind the Moon;You are the greatest magician in the Sublunar World. It is not enough. As a rare Conjunction approaches, immortality is within reach. But the gods have noticed you trying to unlock the doors of heaven. Some demand you ascend–or else–while others plot your destruction.;Choice of Games;Choice of Games;Adventure, Indie, RPG;Adventure: 31, Indie: 31, RPG: 31, Text-Based: 6;game;Single-player, Steam Achievements, Steam Cloud;0 .. 20,000;8;6;699;699;0;0;English;windows, mac, linux;2018/12/20;0;https://www.choiceofgames.com/;https://cdn.akamai.steamstatic.com/steam/apps/1001490/header.jpg?t=1545325232
1001500;Chronicon Apocalyptica;Battle Norse raiders, ghosts, and changelings to save medieval England! But beware, if the elves can capture the Book you hold, the world will end.;Choice of Games;Choice of Games;Adventure, Indie, RPG;Adventure: 21, Indie: 21, RPG: 20, Text-Based: 6;game;Single-player, Steam Achievements, Steam Cloud;0 .. 20,000;6;2;599;599;0;0;English;windows, mac, linux;2019/01/11;0;;https://cdn.akamai.steamstatic.com/steam/apps/1001500/header.jpg?t=1547258371
1001550;In Orbit;In Orbit transforms data collected by NASA’s “Eyes on Earth”—the satellites relaying information about our climate, oceans, and soil from space—into a multisensory, interactive experience that celebrates the marvelous complexities of our planet and our drive to unravel them.;MAP Design Lab;MAP Design Lab;Indie, Simulation;Indie: 22, Simulation: 21, VR: 9;game;Single-player;0 .. 20,000;6;3;0;0;0;0;English;windows;2019/01/18;0;http://inorbit.earth;https://cdn.akamai.steamstatic.com/steam/apps/1001550/header.jpg?t=1550597592
1001570;GUIDE;GUIDE was developed by Reframe Games Inc., a New Brunswick based studio that seeks to promote child and youth wellness through digital game software.;Reframe Games Inc.;Reframe Games Inc.;Indie;Indie: 22;game;Single-player;0 .. 20,000;2;0;499;499;0;0;English;windows;2019/04/16;0;http://reframegames.com/guide/;https://cdn.akamai.steamstatic.com/steam/apps/1001570/header.jpg?t=1555424987
1001590;Grab Lab;Grab Lab is a crazy mix of puzzle and arcade game. Complete all unique levels - from simple to extremely advanced and demanding. Save the world - fix the gravity and rules of physics!;Digital Melody;Forever Entertainment S. A.;Action, Casual, Indie;Action: 21, Casual: 21, Indie: 21;game;Single-player, Steam Achievements, Steam Cloud, Full controller support;0 .. 20,000;9;0;499;499;0;0;English, French, German, Spanish - Spain, Portuguese - Portugal, Russian, Simplified Chinese;windows;2019/06/21;0;;https://cdn.akamai.steamstatic.com/steam/apps/1001590/header.jpg?t=1568802814
1001600;Diggerman;Dig, dig, dig! For love, for fame, for money! Fast arcade digging game with story, treasures and boss fight! Let’s dig together, let’s find some treasures, let’s put them on the ground and make some money!;Digital Melody;Forever Entertainment S. A.;Action, Casual, Indie;Casual: 22, Action: 21, Indie: 21;game;Single-player, Steam Achievements, Steam Cloud, Steam Leaderboards, Full controller support;0 .. 20,000;32;2;499;499;0;0;English;windows;2019/06/14;0;;https://cdn.akamai.steamstatic.com/steam/apps/1001600/header.jpg?t=1568800084
1001640;Where the Bees Make Honey;Where the Bees Make Honey tells a story about reflecting on different moments from a childhood, which are played and experienced from an adult perspective. At its core Where The Bees Make Honey is a narrative puzzle adventure game, with playable childhood moments filtered throughout.;Brian Wilson;Whitethorn Games;Adventure, Indie, Simulation;Indie: 44, Adventure: 42, Simulation: 40, Female Protagonist: 14, Story Rich: 13, Walking Simulator: 13, Experimental: 12, Puzzle: 12, Kickstarter: 11, Puzzle-Platformer: 11, Short: 11, Beautiful: 10, Great Soundtrack: 10, Psychological: 10;game;Single-player, Partial Controller Support, Steam Achievements;0 .. 20,000;23;35;999;999;0;0;English;windows;2019/03/26;0;https://whitethorndigital.com/wtbmh/;https://cdn.akamai.steamstatic.com/steam/apps/1001640/header.jpg?t=1641482151
1001660;The Demon Crystal;"The Demon Crystal, produced in 1984 by YMCAT, achieved great success as the pioneer of the action RPG genre and became a nation-wide hit. The first game in a trilogy, it is known as a &quot;legendary game.&quot;";YMCAT/Regista;Regista;Action, Adventure, Casual, RPG;Action: 24, Casual: 22, Adventure: 19, RPG: 18;game;Single-player, Full controller support;0 .. 20,000;11;0;999;999;0;0;English, Japanese, French, Spanish - Spain, Korean;windows;2019/03/28;0;http://regista.co.jp/world/games/TheDemonCrystal/;https://cdn.akamai.steamstatic.com/steam/apps/1001660/header.jpg?t=1553819980
1001690;Mars Flight VR;Mars Flight VR is a helicopter simulator that lets you explore Jezero Crater, the landing site of Perseverance rover on mars.;Io Normal;Io Normal;Racing, Simulation;Simulation: 32, Racing: 29, VR: 15, Early Access: 11, Physics: 10, Science: 10, Singleplayer: 10, Space Sim: 10, Time Attack: 10, VR Only: 1;game;Single-player, Steam Leaderboards;0 .. 20,000;5;2;0;0;0;0;English;windows;2021/06/8;0;http://ionormal.com;https://cdn.akamai.steamstatic.com/steam/apps/1001690/header.jpg?t=1666269643
1001730;Twisting Mower;Lawn mower cart race!? This is race game that competes by time attack with people around the world. The place where you cut the lawn can run fast. Let's aim for the fastest record on the changing track. Run with the ghost of the time attack record of players all over the world and aim for the ranking first place!;smartphone-games;smartphone-games;Casual, Indie, Racing, Sports;Racing: 73, Casual: 67, Sports: 64, Indie: 61, Arcade: 38, Automobile Sim: 32, Time Management: 30, 3D: 28, Minimalist: 26, PvP: 24, Score Attack: 22, Singleplayer: 20, Asynchronous Multiplayer: 18;game;Single-player, Steam Achievements;0 .. 20,000;1;0;299;299;0;0;English, Japanese;windows, mac;2019/05/22;0;;https://cdn.akamai.steamstatic.com/steam/apps/1001730/header.jpg?t=1558528543
1001740;Diamonds;Pick up diamonds as they fall from the sky, shoot enemies to make them drop the diamonds they've gathered, and bring the spoils back to your base to win.;Gerard Milmore, Andrew Jong, Sean Chiem;Gerard Milmore;Action, Indie;Action: 31, Indie: 31, Local Multiplayer: 11, Multiplayer: 11, 4 Player Local: 10, Arcade: 10, Competitive: 10, Local Co-Op: 10, Robots: 10;game;Multi-player, Single-player, Co-op, Steam Achievements, Steam Cloud, Shared/Split Screen, Full controller support, Shared/Split Screen PvP, Shared/Split Screen Co-op, Remote Play Together, PvP;0 .. 20,000;4;0;499;499;0;0;English;windows, mac;2019/11/18;0;;https://cdn.akamai.steamstatic.com/steam/apps/1001740/header.jpg?t=1576005890
1001760;Xtreme League;Go snowboarding whenever you like, regardless of the weather outside the window! Learn new tracks and renew your board! Xtreme League is waiting for you!;Art Of Adventures;Art Of Adventures;Indie, Sports;Sports: 40, Indie: 39, Action: 19, Racing: 19, Singleplayer: 19, Adventure: 18, Family Friendly: 18, Fast-Paced: 18, Physics: 18;game;Single-player, Steam Achievements;0 .. 20,000;0;3;0;0;0;0;English, Russian, German, Simplified Chinese;windows, mac;2019/03/7;0;https://art-of-adventures.com;https://cdn.akamai.steamstatic.com/steam/apps/1001760/header.jpg?t=1647113501
1001800;KUNAI;KUNAI is a quirky, fast-paced action platformer. You play as Tabby, a tablet who joins the fight against a robot uprising. Use your kunai and ninja parkour skills to stop Lemonkus, the A.I.-gone-evil that almost wiped out all human life.;TurtleBlaze;The Arcade Crew, Gamera Games;Action, Adventure, Indie;Indie: 127, Action: 124, Adventure: 112, Metroidvania: 35, Platformer: 32, Great Soundtrack: 26, 2D: 23, Ninja: 22, Pixel Graphics: 22, Side Scroller: 18, Singleplayer: 18, Hack and Slash: 17, Post-apocalyptic: 17, Cute: 16, Open World: 15, Parkour: 15, Atmospheric: 14, Casual: 14, Exploration: 14, Fantasy: 13;game;Single-player, Steam Achievements, Steam Cloud, Full controller support;50,000 .. 100,000;380;79;1699;1699;0;2;English, Traditional Chinese, Korean, Japanese, French, Italian, German, Spanish - Spain, Simplified Chinese, Russian;windows;2020/02/6;0;https://kunaigame.com;https://cdn.akamai.steamstatic.com/steam/apps/1001800/header.jpg?t=1667245590
1001810;Virus Expansion;"Do you think that viruses, infecting computers act together? Absolutely not! When two viruses meet each other within a very small area, a &quot;digital battle&quot; starts. That's your perfect chance to conquer the computer space!";Action Portal;Action Portal;Indie;Indie: 54, Puzzle: 37, Casual: 36, 2D: 35, Family Friendly: 35, Logic: 35, Singleplayer: 35, Strategy: 34, Multiplayer: 33;game;Single-player, Steam Achievements;0 .. 20,000;1;3;0;0;0;0;English, German, Simplified Chinese, Russian;windows, mac;2019/03/29;0;http://steam.action-portal.com;https://cdn.akamai.steamstatic.com/steam/apps/1001810/header.jpg?t=1643378136
1001860;Casual Desktop Game;Casual Desktop Game is a fanmade revival of the old Desktop Destroyer game featuring community content.;Daniel Brendel;Daniel Brendel;Action, Casual, Free to Play, Indie;Free to Play: 41, Casual: 37, Action: 35, Indie: 35, Early Access: 6;game;Single-player, Steam Workshop;20,000 .. 50,000;146;24;0;0;0;0;English;windows;2020/02/14;0;https://www.casual-desktop-game.com/;https://cdn.akamai.steamstatic.com/steam/apps/1001860/header.jpg?t=1658584115
1001870;RoboVirus;Enjoy chaotic multiplayer with your friends in a game filled with dynamic level mechanics, different robots and weapons that you annihilate your friends with!;Stolen Shoes Entertainment;Stolen Shoes Entertainment;Action, Casual, Indie;Action: 71, Casual: 61, Indie: 52, Arena Shooter: 39, Local Multiplayer: 33, Multiplayer: 33, Robots: 33, 3D: 32, Funny: 30, PvP: 21, Shooter: 12, 4 Player Local: 11, Controller: 10, Family Friendly: 10, Split Screen: 10, Fast-Paced: 9;game;Multi-player, Single-player, Shared/Split Screen, Full controller support, Online PvP, Shared/Split Screen PvP, Remote Play Together, PvP;0 .. 20,000;29;1;999;999;0;0;English;windows;2019/08/30;0;http://www.robovirusgame.com/;https://cdn.akamai.steamstatic.com/steam/apps/1001870/header.jpg?t=1575547265
1001880;aMAZE Valentine;aMAZE Valentine is a straightforward and surprisingly - difficult celebration of the simple beauty of the maze with romantic art and calm soundtrack.;Blender Games;Blender Games;Casual, Indie;Casual: 49, Indie: 48, Puzzle: 31, 2D: 30, Abstract: 30, Atmospheric: 30, Colorful: 30, Difficult: 30, Fast-Paced: 30, Relaxing: 30, Singleplayer: 30, Classic: 29, Cute: 29, Family Friendly: 29, Old School: 29, Replay Value: 29, Retro: 29, Short: 29, Side Scroller: 29, Stylized: 29;game;Single-player, Steam Achievements, Steam Cloud;0 .. 20,000;46;10;199;199;0;0;English;windows;2018/12/28;0;;https://cdn.akamai.steamstatic.com/steam/apps/1001880/header.jpg?t=1647682143
1001910;Fused;NF-01, A Nanobyte who refers himself as Nigel, is spawned after a cascade failure within the Skystar System. His duty is to navigate through the system levels to fix the fuses, avoid the damaged shock traps and bring the system back online.;Ironsmith Studios Ltd;Ironsmith Studios Ltd;Casual, Indie;Casual: 21, Indie: 21, Puzzle: 12, 3D Platformer: 11, Colorful: 11, Controller: 11, Difficult: 11, Family Friendly: 11, Linear: 11, Platformer: 11, Puzzle-Platformer: 11, Sci-fi: 11, Science: 11, Singleplayer: 11;game;Single-player, Partial Controller Support;0 .. 20,000;6;4;199;199;0;0;English;windows;2019/03/8;0;https://www.ironsmithstudios.com/;https://cdn.akamai.steamstatic.com/steam/apps/1001910/header.jpg?t=1558600211
1001950;There Was A Dream;There Was A Dream is an open-world, action-adventure story set in the realm of dreams, attacked by an entity bent on turning it into a nightmare. Play as the chosen one of lucid dreamers in an ever-expanding main story. Fight, explore and lose yourself among the many side activities.;Keydare Project;Keydare Project;Action, Adventure, Casual, Indie, RPG;Adventure: 182, Singleplayer: 176, Open World: 173, Exploration: 170, Character Customization: 167, Surreal: 161, Cartoony: 159, Cute: 157, Action-Adventure: 155, Sandbox: 151, RPG: 145, Farming: 142, Hunting: 138, Indie: 130, Trading: 126, Fishing: 114, Nonlinear: 106, Relaxing: 104, Colorful: 101, Horror: 98;game;Single-player;0 .. 20,000;10;5;0;0;0;0;English, French, Italian, German, Spanish - Spain, Russian, Simplified Chinese;windows;2021/02/11;0;https://www.therewasadream.com;https://cdn.akamai.steamstatic.com/steam/apps/1001950/header.jpg?t=1617655486
1001960;Zibbs - Alien Survival;Zibbs - Alien Survival is an open world game where you play as an alien trying to survive on the unknown planet - Earth.;Mykhail Konokh;Mykhail Konokh;Action, Indie;Indie: 31, Action: 21, Violent: 21, Aliens: 14, Open World Survival Craft: 13, Base-Building: 12, Singleplayer: 12, Third Person: 12, Beautiful: 11, Crafting: 11, Difficult: 11, Experimental: 11, Exploration: 11, Open World: 11, Sci-fi: 11, Survival: 11, Walking Simulator: 11, Realistic: 10, Simulation: 10;game;Single-player;0 .. 20,000;12;9;799;799;0;0;English, Russian, Ukrainian;windows;2020/11/8;0;https://twitter.com/MykhailKonokh;https://cdn.akamai.steamstatic.com/steam/apps/1001960/header.jpg?t=1667802355
1001970;Rhythmy;"&quot;Rhythmy&quot; is a new arcade-style rhythm bullet hell game, try to dodge and survive many levels while listening to Thaehan, F-777, Boom Kitty and more! If you're seeking for some hardcore bullet hell challenge, while listening to some epic music, you better be ready!";InsaneHawk;InsaneHawk;Action, Indie, Early Access;Action: 32, Indie: 32, Early Access: 21, Bullet Hell: 14, Great Soundtrack: 14, Music: 14, Difficult: 13, Rhythm: 13;game;Single-player, Includes level editor, Steam Achievements, Steam Cloud;0 .. 20,000;28;2;899;899;0;0;English, French, Polish, Russian, Czech, Vietnamese, Portuguese - Brazil, Simplified Chinese, Traditional Chinese;windows, mac, linux;2020/03/24;0;https://www.rhythmygame.com/;https://cdn.akamai.steamstatic.com/steam/apps/1001970/header.jpg?t=1666992397
1001980;Archeo: Shinar;Explore the deepest caves with a cup of tea in your hand, reach the heart of the jungle with your finger on a globe, send your highly educated employees to uncivilized tribes and don't let them convince you it's a certain death! The worst case scenario? You will hire new ones.;Artists Entertainment;Artists Entertainment;Indie, Simulation, Strategy;Simulation: 35, Strategy: 35, Indie: 33, Economy: 15, Management: 14, Local Multiplayer: 12, Singleplayer: 12, Dark Humor: 11, Great Soundtrack: 11, Real-Time: 11, Turn-Based Strategy: 11, Time Management: 9, City Builder: 5;game;Multi-player, Single-player, Steam Achievements, Steam Cloud, Steam Trading Cards, Shared/Split Screen PvP, Remote Play Together, PvP;0 .. 20,000;80;21;1299;1299;0;0;English;windows;2019/09/11;0;https://web.facebook.com/TheArcheo;https://cdn.akamai.steamstatic.com/steam/apps/1001980/header.jpg?t=1588773461
1001990;WARED;There is a belief that wars are won by soldiers. But sometimes, wars are won long before even beginning. Have mode 1v1 to play with friend at evening.;Rostislavs Lihacs;PocTuK Corporation;Casual, Indie, Strategy;Strategy: 32, Indie: 31, Casual: 30, Great Soundtrack: 15, Hand-drawn: 15, Isometric: 15, Military: 15, Puzzle: 15, RPG: 15, Replay Value: 15, Rogue-lite: 15, Singleplayer: 15, Story Rich: 15, Tactical: 15, Turn-Based: 15, Turn-Based Combat: 15, Turn-Based Strategy: 15, Turn-Based Tactics: 15, Wargame: 15, Fast-Paced: 10;game;Single-player;20,000 .. 50,000;1;4;399;399;0;0;English, Russian, German;windows;2019/06/19;0;;https://cdn.akamai.steamstatic.com/steam/apps/1001990/header.jpg?t=1585241946
1002;Rag Doll Kung Fu;A piece of Steam history - THE FIRST EVER NON VALVE GAME TO APPEAR ON THE STEAM PLATFORM!;Mark Healey;Mark Healey;Indie;2D Fighter: 45, Martial Arts: 39, Multiplayer: 30, Intentionally Awkward Controls: 29, Indie: 28, Physics: 28, Fighting: 27, Singleplayer: 27, Action: 26, 2D: 18;game;Multi-player, Single-player;20,000 .. 50,000;58;25;99;99;0;0;English;windows;2005/10/12;0;http://www.ragdollkungfu.com/;https://cdn.akamai.steamstatic.com/steam/apps/1002/header.jpg?t=1611415705
1002000;SPITLINGS;Frantic Gameplay, Juicy Visuals, Hypnotic Beats: SPITLINGS is a cute but unforgiving Hardcore Arcade Game for 1 - 4 players in which you waggle through a gauntlet of bouncy bubbles.;Massive Miniteam;HandyGames;Action, Indie;Unforgiving: 206, Platformer: 201, Arcade: 196, Action: 192, 2D: 191, Cute: 187, Funny: 181, Controller: 178, Casual: 170, Colorful: 167, Family Friendly: 164, 4 Player Local: 161, Co-op: 156, Local Co-Op: 152, Local Multiplayer: 143, Multiplayer: 135, Online Co-Op: 128, Singleplayer: 124, Co-op Campaign: 122, Party: 118;game;Multi-player, Single-player, Co-op, Steam Achievements, Steam Cloud, Shared/Split Screen, Full controller support, Online Co-op, Shared/Split Screen Co-op, Remote Play Together;0 .. 20,000;29;4;1499;1499;0;0;English, German, French, Italian, Spanish - Spain, Portuguese - Brazil, Arabic, Bulgarian, Czech, Danish, Dutch, Finnish, Greek, Hungarian, Japanese, Korean, Norwegian, Polish, Romanian, Russian, Simplified Chinese, Swedish, Thai, Traditional Chinese, Turkish, Vietnamese;windows;2020/08/4;0;http://spitlings.com;https://cdn.akamai.steamstatic.com/steam/apps/1002000/header.jpg?t=1619016067
1002020;INTERPOINT;You awaken in a parallel world. The year is 2032, all you can remember is that you’ve been participating in some kind of project that went horribly wrong. Travel through parallel dimensions to get back home and uncover your dark past in this sci-fi thriller game.;Three Dots;Three Dots;Action, Adventure, Indie, Early Access;Horror: 143, Adventure: 137, Sci-fi: 134, Story Rich: 130, Action: 117, Indie: 117, First-Person: 112, Psychological Horror: 103, Atmospheric: 97, Early Access: 89, Puzzle: 83, Futuristic: 81, Mystery: 76, Science: 74, Experimental: 70, Psychedelic: 68, Singleplayer: 67, Narration: 64, Action-Adventure: 62, Colorful: 56;game;Single-player, Partial Controller Support, Steam Achievements;20,000 .. 50,000;38;14;0;0;0;0;English, Russian;windows;2019/04/15;0;;https://cdn.akamai.steamstatic.com/steam/apps/1002020/header.jpg?t=1646325521
1002030;Hentai beautiful girls;Very beautiful game of logical character! Collect the full image of the different small pieces. The images are drawn very sexy and beautiful girls!;Laush Dmitriy Sergeevich;Laush Studio;Casual, Indie;;game;Single-player, Steam Achievements;0 .. 20,000;0;0;99;99;0;0;English, Traditional Chinese, Russian;windows;2019/01/23;0;;https://cdn.akamai.steamstatic.com/steam/apps/1002030/header.jpg?t=1563050530
1002100;Negligee: Love Stories (all ages);A series of four stories following the characters Karen, Charlotte, Sophie and Jasmin in their early lives as they have to choose what they really love and what path their lives will take.;Dharker Studio;Dharker Studios Ltd;Adventure, Casual, Indie;Sexual Content: 157, Nudity: 129, Mature: 72, Adventure: 38, Indie: 38, Casual: 37, Anime: 25, Visual Novel: 18;game;Single-player, Partial Controller Support, Steam Achievements;0 .. 20,000;27;33;1499;1499;0;0;English;windows;2019/02/8;0;http://dharker.studio;https://cdn.akamai.steamstatic.com/steam/apps/1002100/header.jpg?t=1629541783
1002180;AUSSIE BATTLER TANKS;Multiplayer ww2 tanks fps and 3d shooter game, and rated as fun.7 ww2 tanks, 2 to 12 players with hassle free multiplayer hosting on cloud network , 3 game modes and 5 ww2 maps.Physics tracks and hit point damage system with AP and HE shells.Not pay to win with expencive ammo unlike some other tank game.;LOVATTO STUDIO, SCOTIA 3D, CHOBI GLASS;AUSSIE BATTLER GAMES;Action, Casual, Indie, Massively Multiplayer, Simulation;Indie: 32, Action: 31, Casual: 31, Massively Multiplayer: 29, Simulation: 29, Violent: 21;game;Multi-player, Online PvP, PvP;0 .. 20,000;6;3;99;99;0;0;English;windows;2019/04/6;0;https://www.facebook.com/Aussiebattlergames/;https://cdn.akamai.steamstatic.com/steam/apps/1002180/header.jpg?t=1654836165
1002200;Vasilis;Vasilis is a hand-drawn adventure game. The main character – Vasilis, lost her husband – Peter, in the rebellious city center. The city is in riots for a long time and almost everyday something burns or someone dies.;Marginal act;Marginal act;Adventure, Indie, RPG;Horror: 156, Investigation: 150, Exploration: 146, Visual Novel: 142, Point & Click: 139, Walking Simulator: 134, Female Protagonist: 132, 2D: 128, Psychological Horror: 121, Story Rich: 118, Surreal: 116, Abstract: 113, Hand-drawn: 108, Dark Fantasy: 102, Fantasy: 101, Psychedelic: 96, Atmospheric: 93, Drama: 88, Psychological: 87, Adventure: 83;game;Single-player, Partial Controller Support, Steam Achievements;20,000 .. 50,000;10;6;899;899;0;0;English, Russian;windows, mac;2019/04/15;0;;https://cdn.akamai.steamstatic.com/steam/apps/1002200/header.jpg?t=1602796681
1002210;孤岛(Isolated Island);这是一款玩家扮演主人公，探寻世界中各个孤岛，并聆听他们故事的游戏。整个游戏由大量的对话组成，影射了现实世界中的很多东西。没人是座孤岛，每个人的命运都紧紧相连。;LixiaoYao;LiXiaoYao;Casual;Casual: 21;game;Single-player, Steam Achievements, Steam Cloud;0 .. 20,000;22;1;299;299;0;0;Simplified Chinese;windows;2019/01/14;0;;https://cdn.akamai.steamstatic.com/steam/apps/1002210/header.jpg?t=1547481668
1002230;War of Three Kingdoms;This is a strategy type game, players can capture the city, the final one continent, in this process, players can collect hundreds of heroes, different heroes have different skills and abilities, you can also train the hero, build a strong army.;le8 stdio;le8 stdio;Casual, Indie, Strategy;Casual: 23, Strategy: 22, Indie: 21;game;Multi-player, Single-player, In-App Purchases, Online PvP, PvP;0 .. 20,000;7;20;0;0;0;0;English, Simplified Chinese;windows;2019/04/8;0;;https://cdn.akamai.steamstatic.com/steam/apps/1002230/header.jpg?t=1632667431
1002270;PiiSim;This game with absurd humor. Pee on everyone, destroy the city! Make apocalypse!;Koker_007;Koker_007;Action, Casual, Indie, Simulation;Action: 31, Casual: 31, Indie: 31, Simulation: 30, Comedy: 11, First-Person: 11, Memes: 11, Score Attack: 11, Destruction: 10, Epic: 10, FPS: 10, Fast-Paced: 10, Funny: 10, Shooter: 10, Short: 10, Singleplayer: 10, Superhero: 10, Time Attack: 10;game;Single-player, Steam Achievements, Steam Cloud, Steam Leaderboards;0 .. 20,000;49;6;99;99;0;0;English, Russian, German, Finnish, Japanese;windows;2019/05/20;0;;https://cdn.akamai.steamstatic.com/steam/apps/1002270/header.jpg?t=1588043105
1002280;The Far Kingdoms: Elements;"&quot;The Far Kingdom: Elements&quot; is a mixture between Match3 and hidden object game. Find the essential elements and stop the evil enchantress Morgana by helping princess Arianna to remove the curse from her kingdom!";Lazy Turtle Games;HH-Games;Casual;Casual: 32, Hidden Object: 18, Match 3: 13, Indie: 11;game;Single-player;0 .. 20,000;19;9;349;499;30;0;English, French, German;windows;2019/01/4;0;;https://cdn.akamai.steamstatic.com/steam/apps/1002280/header.jpg?t=1667127041
1002290;某1种青春;平淡无奇的校园青春类文字游戏！在拥有非常多奇怪社团的育仁中学里，有着名为「冲饭堂社」这样匪夷所思的社团。围绕着社团存亡以及各种各样的青春问题，共有5+1种剧情分支！当然，还有男主角的高中生活到底如何？这里一定有属于你的某1种青春。;绮梦妄想社;绮梦妄想社;Casual, Free to Play, Indie;Free to Play: 41, Indie: 31, Casual: 30, Visual Novel: 23, Anime: 22;game;Single-player;20,000 .. 50,000;338;13;0;0;0;1;English, Not supported, Simplified Chinese;windows;2019/02/17;0;http://weibo.com/dreammirage;https://cdn.akamai.steamstatic.com/steam/apps/1002290/header.jpg?t=1572317821
1002310;The Childs Sight;See the word through the innocent eyes of a small child. Slowly unravel the story of what has happened, while you were laying in your crib, observing the world around you... Something’s may remain faded but one story sticks with you to this very day.;HANNMADE Studios;Forever Entertainment S. A.;Action, Adventure, Casual, Indie, Simulation;Indie: 22, Action: 21, Casual: 21, Adventure: 20, Simulation: 19, Horror: 17;game;Single-player;0 .. 20,000;6;2;999;999;0;0;English;windows;2019/03/28;0;;https://cdn.akamai.steamstatic.com/steam/apps/1002310/header.jpg?t=1568807044
1002360;バグダス - デバッガー検定 -;架空のゲームに仕込まれたバグを探して出す、ゲームデバッガーの気分が味わえるゲームです。;Jiruo Software;Jiruo Software;Casual, Indie;Casual: 22, Indie: 22;game;Single-player, Steam Achievements, Full controller support;0 .. 20,000;60;12;99;99;0;0;Japanese;windows;2019/01/21;0;https://bugdasu.jiruo.net/;https://cdn.akamai.steamstatic.com/steam/apps/1002360/header.jpg?t=1548082831
1002410;The Five Cores Remastered;Heavily inspired by the 90s graphic puzzle games, The Five Cores Remastered is a surreal and poetic adventure that you can explore in VR.;Matthieu Gouby;Matthieu Gouby;Adventure, Indie;"Puzzle: 91, VR: 85, Adventure: 81, Exploration: 76, Singleplayer: 73, Remake: 67, ""1990s"": 65, Indie: 63, Point & Click: 57, Walking Simulator: 49, First-Person: 40, Mystery: 31, Atmospheric: 29, Nature: 27, Linear: 25, Narration: 23";game;Single-player, Steam Achievements, Steam Cloud, Full controller support;0 .. 20,000;11;9;1699;1699;0;0;English, French;windows;2019/07/30;0;;https://cdn.akamai.steamstatic.com/steam/apps/1002410/header.jpg?t=1658194880
1002420;Agartha;Agartha is an puzzle platformer where you play various adventurers carving out their way through countless levels using very limited resources.;Shindenken;Fruitbat Factory;Action, Indie;Action: 74, Indie: 68, 2D: 60, Pixel Graphics: 57, Platformer: 54, Physics: 48, Puzzle: 46, Exploration: 44, Sandbox: 41, Puzzle-Platformer: 39, Destruction: 35, Nature: 32, Retro: 30, Singleplayer: 28, Ninja: 26, Underground: 24;game;Single-player, Partial Controller Support, Steam Achievements, Steam Cloud;0 .. 20,000;7;3;799;799;0;0;English, Japanese;windows;2019/03/20;0;https://fruitbatfactory.com/agartha/;https://cdn.akamai.steamstatic.com/steam/apps/1002420/header.jpg?t=1666986454
1002430;Victory Road;Victory Road is a boxing simulator that uniquely puts you in the role of the coach, not the boxer! As a coach, the fate of your boxer’s career, and potentially his life, is in your hands. Raise your boxer and utilize various strategies to climb up the ranking board.;Strange Journey;Strange Journey;Action, Indie, Simulation, Sports, Strategy, Early Access;Sports: 86, Simulation: 85, Action: 83, Indie: 83, Strategy: 83, Early Access: 31, Boxing: 15, Pixel Graphics: 14, 2D: 11, Funny: 11, Violent: 11, Cute: 10, Retro: 10, Management: 9;game;Single-player;0 .. 20,000;167;11;1999;1999;0;2;English;windows;2020/03/10;0;http://www.strangejourneygames.com/;https://cdn.akamai.steamstatic.com/steam/apps/1002430/header.jpg?t=1654022819
1002440;Fantastic Creatures;Mythological Units. Ancient China. Experience a turn-based 4X strategy game where the land around you is slowly dying. Incarnate one of the four Fantastic Creatures: Dragon, Tiger, Turtle or Vermilion Bird and fight for survival.;Blue Callisto;Blue Callisto;Indie, Strategy;Indie: 31, Strategy: 31, 4X: 11, Simulation: 11, Singleplayer: 11, Turn-Based: 11, Turn-Based Strategy: 11;game;Single-player;0 .. 20,000;11;3;799;799;0;0;English;windows, linux;2019/11/14;0;http://www.fantastic-creatures.com;https://cdn.akamai.steamstatic.com/steam/apps/1002440/header.jpg?t=1580075673
1002480;Condors Vs Ocelots;Condors and Ocelots have been at war for generations. Customize your army to reign supreme in this Tactics RPG focused on customizable armies!;Titanomachy Studios;Titanomachy Studios;Action, Indie, RPG, Simulation, Strategy, Early Access;Indie: 76, RPG: 76, Strategy: 76, Action: 75, Simulation: 74, Early Access: 21, Strategy RPG: 12, Turn-Based Strategy: 12, Turn-Based Tactics: 12, Fantasy: 11, Post-apocalyptic: 11, Sci-fi: 11, Tactical: 11, Tactical RPG: 11, Turn-Based Combat: 11;game;Single-player;0 .. 20,000;1;1;0;0;0;0;English;windows;2021/03/19;0;http://titanomachystudios.com/#/;https://cdn.akamai.steamstatic.com/steam/apps/1002480/header.jpg?t=1616197080
1002490;Roulette Simulator 2;Roulette Simulator 2 is the redesigned fan-favorite simulation that allows players to enjoy a modern Roulette gambling experience. Players can continue to experience the thrills of roulette in real-time as the roulette wheel is back in the second edition of Roulette Simulator!;FlagmanJeremy;FlagmanJeremy;Casual, Indie, Simulation, Strategy;Casual: 32, Indie: 30, Simulation: 30, Strategy: 29;game;Single-player, Steam Achievements, Steam Leaderboards;0 .. 20,000;14;11;99;99;0;0;English;windows;2018/12/31;0;;https://cdn.akamai.steamstatic.com/steam/apps/1002490/header.jpg?t=1601337624
1002500;M.C.I. Escapes;"M.C.I. Escapes: Solve a miracle to help a friend you haven't even met before, as you journey through Space &amp; Time - In your Mind.";KFA-Games;KFA-Games;Action, Adventure, Indie, RPG, Early Access;Early Access: 21, Action: 20, Adventure: 20, Indie: 20, RPG: 20;game;Single-player;0 .. 20,000;1;0;599;599;0;0;English;windows;2019/02/20;0;http://kfa-games.info;https://cdn.akamai.steamstatic.com/steam/apps/1002500/header.jpg?t=1550874508
1002510;The Spell - A Kinetic Novel;After the death of her parents, Eloise is forced to live with her uncle. Though she’s reluctant to the idea, she soon finds out that it’s not nearly as bad as she had envisioned. That is, until she found a weird note concerning her parents’ deaths next to the garbage bin.;Hangover Cat Purrroduction;Hangover Cat Purrroduction;Casual, Indie;Casual: 21, Indie: 21, Visual Novel: 14, Psychological: 12, Mystery: 11;game;Single-player, Steam Cloud;0 .. 20,000;23;0;499;499;0;0;English;windows, mac, linux;2019/01/15;0;https://www.hangovercatpurrroduction.com/;https://cdn.akamai.steamstatic.com/steam/apps/1002510/header.jpg?t=1668137463
1002520;Eggys Games Flash Collection;The Eggys Games Flash Collection is a gigantic collection of all games released by Eggys Games which includes 22 full games! This is the collection of over 10 years of work that have been released over the years.;Eggy;Eggys Games;Action, Adventure, Casual, Indie, RPG, Strategy;Action: 22, Casual: 22, Adventure: 21, Indie: 20, RPG: 19, Strategy: 19;game;Single-player;0 .. 20,000;5;1;299;299;0;0;English;windows;2019/01/31;0;http://www.eggysgames.com;https://cdn.akamai.steamstatic.com/steam/apps/1002520/header.jpg?t=1548982255
1002540;HA/CK;HA/CK will puzzle your mind with a variety of challenging levels. You have to solve a series of tests devised by The Programmer. Devise unforethought solutions to achieve top times amongst your friends or worldwide.;Gampixi;Gampixi;Indie;Indie: 33, Puzzle-Platformer: 15, First-Person: 14, 3D Platformer: 13, Puzzle: 13, Hacking: 12, Singleplayer: 12, Atmospheric: 10, FPS: 10, Retro: 10, Sci-fi: 10;game;Single-player, Steam Achievements, Steam Cloud, Steam Leaderboards;0 .. 20,000;14;4;999;999;0;0;English;windows, mac, linux;2019/02/14;0;https://hack.dankons.com;https://cdn.akamai.steamstatic.com/steam/apps/1002540/header.jpg?t=1561715509
1002560;Tiny Snow;"On the snowy mountain, in the wooden hut, we are tied together by the world. She and &quot;I&quot; can only love each other, we cannot be separated. Is this free affection, or manipulated love? A short visual novel with multiple endings, &quot;Tiny Snow&quot;, a story with two girls, and you who know what love is.";#workshop;NVLMaker;Adventure, Casual, Indie;Visual Novel: 57, Indie: 45, Sexual Content: 43, Casual: 39, Adventure: 36, Anime: 34, Drama: 30, Multiple Endings: 29, Cute: 23, Violent: 21, Romance: 10, Psychological Horror: 7;game;Single-player, Steam Achievements, Steam Cloud;50,000 .. 100,000;3144;144;399;399;0;3;Simplified Chinese, English;windows;2019/02/27;0;;https://cdn.akamai.steamstatic.com/steam/apps/1002560/header.jpg?t=1667655053
1002580;Cell Defender;Four warriors take risks in the human body. They will encounter many enemies from outside, including bacteria, viruses, fungi, parasites and so on. They will also face infected cells and cancer cells. Finally, they will strive to wipe out the enemy and usher in victory.;Panther Studio;Panther Studio;Adventure, Casual, Indie;Casual: 31, Adventure: 30, Indie: 30;game;Multi-player, Co-op, Partial Controller Support, Steam Achievements, Steam Cloud, Shared/Split Screen, Shared/Split Screen PvP, Shared/Split Screen Co-op, Remote Play Together, PvP;0 .. 20,000;3;1;399;399;0;0;English, French, Italian, German, Spanish - Spain, Simplified Chinese, Russian, Thai, Korean;windows;2019/05/8;0;;https://cdn.akamai.steamstatic.com/steam/apps/1002580/header.jpg?t=1574508670
1002590;N-GON;An acid trip back to classic vector arcade action games with the unique bullet magnet mechanic. Dodge ruthless attacks, bend your projectile trajectory, destroy waves of enemies with the massive explosion chains. Die a lot! Then try again and get yourself to top of the leaderboards;quadape;quadape;Action, Indie;"Action: 363, Arcade: 337, ""Shoot Em Up"": 334, Flight: 328, Bullet Hell: 322, Top-Down: 312, 2D: 305, Abstract: 297, Minimalist: 288, Pixel Graphics: 278, Psychedelic: 267, Stylized: 255, Colorful: 243, 1980s: 230, Futuristic: 215, Aliens: 213, Space: 196, Old School: 178, Retro: 159, Combat: 139";game;Single-player, Steam Achievements, Steam Cloud, Full controller support;0 .. 20,000;4;0;399;399;0;0;English;windows;2022/10/11;0;;https://cdn.akamai.steamstatic.com/steam/apps/1002590/header.jpg?t=1667001511
1002600;Temple of Pizza;Deliver pizzas to a mysterious party taking place in a previously abandoned temple in the woods.;Paul Kohler;Paul Kohler;Action, Adventure, Casual, Simulation;Action: 21, Casual: 21, Simulation: 21, Adventure: 20, VR: 5;game;Single-player;0 .. 20,000;2;4;0;0;0;0;English;windows;2019/01/13;0;;https://cdn.akamai.steamstatic.com/steam/apps/1002600/header.jpg?t=1547367820
1002630;AWAKE - Definitive Edition;It was supposed to be a romantic trip… but turned into a brutal murder scene. When Marc and Caroline planned their romantic getaway, they didn’t know that it would turn their lives into jeopardy. Can you find a way to prevent this terrible crime and put the murderer to justice?;Storyyeller Games;Off The Beaten Track;Adventure, Casual, Indie;Adventure: 83, Indie: 83, Casual: 82, Point & Click: 16, Atmospheric: 12;game;Single-player, Steam Achievements;0 .. 20,000;44;16;199;199;0;0;English, French, Italian, German, Spanish - Spain, Portuguese - Brazil, Russian;windows, mac, linux;2019/01/13;0;https://beatentrack.games/awake/;https://cdn.akamai.steamstatic.com/steam/apps/1002630/header.jpg?t=1667130472
